id,product_name,review_text,label
1,EverGlow LED Desk Lamp,"I bought this lamp two months ago and it has become the centerpiece of my study desk. The four color-temperature modes are fantastic for late-night reading because my eyes never feel strained. Assembly took less than five minutes and the base feels heavy enough that my cat can’t knock it over. I only wish the power brick were a little smaller, but that’s a minor gripe. Overall, I’m impressed and would buy again.",positive
2,QuickChug 32 oz Stainless Bottle,"This bottle looks sleek and keeps coffee hot for about three hours, which is acceptable. Unfortunately, the lid started leaking after just one week of light use. I emailed support and they sent a replacement lid, but the new one leaks too. The paint also chips if you so much as breathe on it. For the price, I expected much better durability.",negative
3,SnugFit Cotton Tee,"The fabric is soft and breathable, perfect for summer days. It survived three washes with no shrinking or color fade, so the quality seems solid. The fit is slightly looser than expected, but I actually prefer the relaxed vibe. The tagless design is a nice touch and prevents neck itch. A dependable basic tee at a fair price.",positive
4,FlexiStep Yoga Mat,"I practice yoga five times a week and this mat grips the floor like glue—no sliding at all. The 6 mm cushioning supports my knees during long pigeon poses. The only downside is the strong rubber smell that lingered for almost a week. After airing it out on the balcony, the odor vanished. Great mat for serious yogis.",positive
5,SmartSlice Bread Knife,"The blade arrived dull and could barely cut through a crusty baguette. I tried sharpening it myself, but the steel is too soft and now it chips. The handle feels hollow and slippery when wet, which is scary. After one month it’s relegated to butter-spreading duty. Definitely not worth the premium price.",negative
6,CozyNights Weighted Blanket,"The weight distribution is perfect and I fall asleep faster than ever. The cover is removable and machine-washable, which is a lifesaver because my dog loves it too. It’s a bit warm for summer nights, but perfect for winter. I’ve noticed fewer restless legs since using it. Highly recommend for anyone with insomnia.",positive
7,BlitzClean Robot Vacuum,"It maps the house well and rarely bumps into furniture. Pet hair pickup is impressive on hardwood, but it struggles on medium-pile carpet. The dustbin fills quickly and must be emptied daily. Replacement parts are pricey and hard to find. Overall, decent but not the game-changer I hoped for.",neutral
8,SunShield SPF 50 Moisturizer,"The lotion feels light and leaves zero white cast, even on deeper skin tones. My sensitive skin hasn’t broken out once since I started using it. A pea-sized amount covers my entire face, so the tube lasts months. The subtle citrus scent is refreshing without being overpowering. Already repurchased twice.",positive
9,PowerLift Adjustable Dumbbells,"The quick-change mechanism is smooth and saves tons of time during circuits. They feel solid and balanced, even at 50 lbs per hand. Storage is compact, which is great in my tiny apartment. The only issue is a slight wobble at the highest weight setting. Still, they’re a solid investment for home gyms.",positive
10,AromaBloom Essential Oil Diffuser,"It looks beautiful on my nightstand and the LED colors are soothing. However, the water tank only lasts three hours on continuous mode, which is too short. The plastic lid cracked after one accidental drop. Essential oils scent the room well, but the fan is louder than I’d like. It’s okay for occasional use, not daily.",neutral
11,CrispEdge Mandoline Slicer,"Slices potatoes paper-thin in seconds and the safety guard actually works. Cleanup is surprisingly easy since the frame pops apart. I’ve already made restaurant-level gratins twice this week. My only wish is for more thickness settings. If you love cooking, this tool is a must.",positive
12,HydroFlow Shower Head,"Installation took five minutes with zero tools required. The three spray modes feel like a luxury spa, especially the rainfall setting. Water pressure increased noticeably without increasing my water bill. The chrome finish matches my existing fixtures perfectly. My showers are now the best part of my day.",positive
13,StealthMount Bike Phone Holder,"My phone never budged even on bumpy trails. The quick-release button is handy when I need to check directions. It fits handlebars from 22 to 31 mm without extra spacers. After six months, the rubber grips show no wear. Worth every penny for commuters and trail riders alike.",positive
14,EcoWipe Reusable Paper Towels,"They absorb spills quickly and wash up beautifully in the machine. I’ve cut my paper towel usage by 80 percent in just a month. The patterns are cute and brighten my kitchen. They do stain with tomato sauce, but a soak in baking soda fixes it. Eco-friendly and wallet-friendly at the same time.",positive
15,TurboGrind Coffee Grinder,"The motor died after only three weeks of moderate use. I contacted customer service and was told to pay for shipping both ways, which is ridiculous. While it worked, the grind size was inconsistent. Static makes grounds stick everywhere, creating a daily mess. Spend a bit more for a reliable brand.",negative
16,CloudSoft Memory Pillow,"It feels like sleeping on a marshmallow and my neck pain vanished in two nights. The cooling gel layer actually works; no more sweaty pillows. The cover unzips for washing and dried in one dryer cycle. It’s heavier than a normal pillow, but I got used to it quickly. Best sleep purchase I’ve made in years.",positive
17,SnapBack Resistance Bands Set,"Five resistance levels cover everything from rehab to serious strength work. The fabric doesn’t roll up like cheaper rubber bands during squats. The door anchor feels sturdy and hasn’t scratched my frame. After four months of daily use, there’s no sign of fraying. Great value for a full-body workout.",positive
18,GlideWrite Gel Pens,"The ink flows smoothly with zero skipping, even on cheap notebook paper. The 0.7 mm tip is perfect for detailed journaling. They last longer than competitors; I’m still on my first pen after two months. The rubber grip prevents finger cramps during long writing sessions. Bought a second box already.",positive
19,HeatWave Portable Heater,"It heats my 150 sq ft office in under ten minutes on the medium setting. The thermostat is accurate and cycles on and off efficiently. The exterior stays cool to the touch, so it’s safe around my toddler. It’s small enough to tuck under my desk without tripping hazards. A lifesaver during cold snaps.",positive
20,PureBrew Cold Brew Maker,"The filter is ultra-fine, so my coffee comes out silky smooth with zero grit. It fits perfectly on my fridge shelf and makes enough concentrate for a week. Cleanup is as simple as tossing the grounds and rinsing the filter. The glass feels thick and durable, surviving multiple accidental knocks. Cold brew lovers need this.",positive
21,SwiftCharge Wireless Pad,"Charging speed is slow compared to a cable, but it’s convenient for overnight top-ups. The LED indicator is dim enough not to disturb sleep. After two months, the rubber ring that holds the phone in place started peeling. My phone gets warm if left on for more than six hours. It’s fine for bedside use but not for quick charges.",neutral
22,TrailBlaze Hiking Boots,"The waterproofing held up during a three-hour downpour on the Appalachian Trail. Ankle support is excellent; no blisters after 15-mile days. The lugs grip muddy terrain like claws. They’re a bit stiff out of the box, but break-in took only a weekend. Worth the investment for serious hikers.",positive
23,ClearView Monitor Stand,"My neck pain disappeared once my screen was raised to eye level. The drawer holds sticky notes and pens, keeping my desk tidy. Assembly was tool-free and took under two minutes. The bamboo finish looks professional and matches my décor. Simple upgrade with big ergonomic payoff.",positive
24,MegaMat Standing Desk Mat,"The beveled edges prevent tripping and the foam rebounds quickly. I can stand for three-hour coding sessions without foot fatigue. The textured surface gives just enough grip in socks. It’s heavy enough to stay put but light enough to slide under the desk. My posture has improved noticeably since using it.",positive
25,AquaPure Water Filter Pitcher,"Water tastes crisp and chlorine smell vanished after the first fill. The digital indicator reminds me exactly when to swap the filter. It fits snugly on my fridge door shelf, saving space. Replacement filters are cheaper than the leading brand. My family now drinks twice as much water.",positive
26,FlexiTrip Smartphone Tripod,"The legs wrap around tree branches and fence posts effortlessly. It holds my iPhone 14 Pro steady for long-exposure night shots. The Bluetooth remote paired instantly and works from 30 feet away. After six months of outdoor use, the joints still feel tight. Perfect for solo travelers and content creators.",positive
27,SliceMaster Chef Knife,"The blade arrived razor sharp and slices tomatoes without squishing. The handle feels balanced and the pinch grip is comfortable for long prep sessions. After a year of daily use, it still only needs a quick hone. The included sheath is handy for camping trips. Comparable to knives twice the price.",positive
28,GloWave UV Sanitizer Box,"It zaps my phone, keys, and mask in three minutes with a cheerful beep. The interior fits my large sunglasses case with room to spare. I love that it doubles as a wireless charger for my earbuds. The lid feels flimsy and I worry it’ll crack if dropped. Good for peace of mind but build quality could improve.",neutral
29,ComfyCrew Lounge Pants,"The fabric is buttery soft and stretches without sagging. Deep pockets hold my phone and wallet without bulging. After ten washes, the color hasn’t faded and there’s no pilling. They’re warm enough for winter evenings but breathable for spring. I now own three pairs in different colors.",positive
30,StormGuard Umbrella,"It survived 40 mph gusts that flipped every other umbrella on the block. The auto-open button works smoothly even with gloves. The canopy is huge, keeping both me and my backpack dry. It’s heavier than compact models, but the trade-off is durability. A must-have for anyone in windy cities.",positive
31,VitaBlend Portable Blender,"It crushes frozen fruit and spinach into creamy smoothies in 20 seconds. Cleaning is a breeze—just add water and soap, then blend. The battery lasts about 15 cycles before needing a recharge. The rubber seal can retain odors if not washed immediately. Great for gym-goers and travelers on the go.",positive
32,CuddleCloud Throw Blanket,"The sherpa side is plush and the flannel side is smooth against skin. It’s lightweight yet surprisingly warm on the couch. After three washes, there’s no shedding or shrinkage. The throw size is perfect for one person to cocoon. My only gripe is that the dog keeps stealing it.",positive
33,QuickFix Bike Repair Kit,"It has every tool needed to adjust derailleurs and tighten bolts mid-ride. The tire levers are sturdy and didn’t snap like cheaper plastic ones. The mini pump inflated my tire from flat to 60 PSI in two minutes. The case is compact and fits in my jersey pocket. Lifesaver on solo rides.",positive
34,SteadyShot Phone Gimbal,"The motors are whisper quiet and the tracking is spot-on even when I jog. Battery life easily lasts a full day of sightseeing. The app is intuitive and updates firmware automatically. It’s bulkier than expected, so I use a sling bag to carry it. Filmmakers on a budget will love it.",positive
35,FreshSeal Storage Containers,"The lids snap on with a satisfying click and never leak soup in my lunch bag. They stack neatly, saving fridge space. After six months of dishwasher cycles, the plastic hasn’t warped. The clear sides let me see leftovers at a glance. Swapped out all my mismatched containers for these.",positive
36,CloudStep Shower Mat,"The suction cups actually grip my textured tub and it hasn’t budged once. The soft foam feels like a spa underfoot and drains quickly. Mildew hasn’t appeared even after months of daily use. It’s a bit pricey for a bath mat, but my feet thank me every morning. Safety and comfort in one package.",positive
37,PeakView Binoculars,"The image is crystal clear at 10x and the focus wheel is buttery smooth. They’re lightweight enough for long bird-watching sessions. The neck strap is padded and comfortable. Lens caps stay attached so I don’t lose them in the field. Entry-level price with mid-range performance.",positive
38,BrewMaster French Press,"The double-wall stainless steel keeps coffee hot for an hour without a cozy. The filter plunger is tight and leaves minimal sediment. Cleanup is easy since everything is dishwasher safe. It’s heavier than glass presses, but unbreakable. Makes the best cold mornings bearable.",positive
39,SwiftPack Compression Cubes,"They compress my clothes by half and keep outfits organized in my carry-on. The zippers glide smoothly even when overstuffed. Mesh tops let me see contents without opening. After a month-long backpacking trip, there’s no sign of tearing. Packing and unpacking now take minutes instead of hours.",positive
40,FlexiDesk Laptop Stand,"It raises my screen to eye level and the aluminum keeps my laptop cool. The angle is adjustable so I can type comfortably. It folds flat and slips into my backpack for coworking days. After eight months, the hinges still feel tight. Essential for anyone working from cafés.",positive
41,PopSocket Phone Grip,"The adhesive hasn’t budged even after removing and re-sticking once. The swappable top lets me match my mood or case. It’s sturdy enough to prop my phone horizontally for videos. The plastic disc cracked after a drop, but the replacement was free. Can’t imagine holding my phone without it.",positive
42,SilentSnooze Earplugs,"They block my partner’s snoring without the muffled feeling of foam plugs. The silicone is soft and doesn’t irritate even after eight hours. I’ve washed them dozens of times and they still look new. They’re pricey compared to disposables, but the comfort is worth it. Light sleepers will love them.",positive
43,EdgeSharp Knife Sharpener,"It brought my dull chef knife back to life in under a minute. The suction base keeps it stable on the counter. I like that it has two stages for coarse and fine sharpening. It’s not a replacement for a whetstone, but perfect for quick touch-ups. My knives now slice tomatoes like butter.",positive
44,TerraGlow Himalayan Lamp,"The amber glow is soothing and doubles as a night-light in the hallway. It’s heavier than expected and feels substantial. I haven’t noticed any air-purifying effects, but it’s pretty. The dimmer switch is smooth and allows subtle mood lighting. A nice decorative piece with a calming vibe.",positive
45,QuickDry Travel Towel,"It absorbs water like a sponge and dries in under two hours in a hotel room. The snap loop makes it easy to hang anywhere. It’s thin but doesn’t feel scratchy on skin. After six months of beach trips, the color hasn’t faded. Takes up a fraction of the space of a cotton towel.",positive
46,StashAway Under-Bed Storage,"The fabric is thick and the zippers are heavy-duty. It holds two comforters and three pillows with room to spare. The clear top lets me see what’s inside without opening. The wheels roll smoothly on hardwood but not carpet. Finally conquered my seasonal clothing chaos.",positive
47,PeakChill Insulated Tumbler,"Ice cubes last overnight even when left in a hot car. The lid seals tight and fits in my car cupholder. It’s survived multiple drops with only minor dents. The powder-coat finish hasn’t chipped after daily dishwashing. My coffee stays cold during 12-hour nursing shifts.",positive
48,FlexiFelt Furniture Pads,"They stick firmly and my chairs glide silently across hardwood. The felt is thick and hasn’t compressed after months of use. I trimmed them to fit odd-shaped legs and they still work great. No more scratched floors or screeching noises. Cheap fix for an expensive problem.",positive
49,ClearVue Monitor Cleaner,"It removes fingerprints and smudges with one spray and a microfiber cloth. The bottle is compact and fits in my desk drawer. It doesn’t streak like cheaper cleaners. I’ve used it on my laptop, phone, and glasses with zero issues. Screen looks brand new every time.",positive
50,SwiftZip Compression Socks,"They feel tight at first but my legs don’t ache after 12-hour shifts. The socks stay up without digging into my calves. After 20 washes, the elastic is still strong. The patterns are cute enough that patients compliment them. Nurses and teachers swear by them for a reason.",positive
51,CloudRest Memory Foam Topper,"My sagging mattress feels like a hotel bed now. The foam expanded fully within four hours and had minimal odor. I sleep cooler than with my old feather topper. The corners don’t slip thanks to the deep pockets. Worth every penny for back pain relief.",positive
52,SteadyGrip Jar Opener,"It pops stubborn pickle jars open without straining my wrists. The rubber grips are wide enough for large lids. It’s dishwasher safe and hasn’t warped. I keep one in the kitchen and one in my camping kit. Arthritis sufferers will find it indispensable.",positive
53,PeakCharge Power Bank,"It charges my phone from 10% to 100% twice and still has juice left. The LED indicator is accurate and the size fits in my jeans pocket. Fast-charging works with my Samsung without issues. After six months, capacity hasn’t dropped. Travel essential for heavy phone users.",positive
54,BrightPath Headlamp,"The beam reaches 100 meters and the red-light mode preserves night vision. Battery life is solid at six hours on high. It’s lightweight and doesn’t bounce while running. The adjustable tilt is perfect for reading in a tent. Survived rain and drops without a scratch.",positive
55,FreshGuard Produce Bags,"My strawberries last two weeks without molding in these bags. The mesh allows airflow and they’re reusable after a quick rinse. I label them with a dry-erase marker and the ink wipes off easily. They’re a bit pricey upfront but save money on wasted produce. Zero plastic waste is a bonus.",positive
56,FlexiFrame Photo Display,"The magnetic clips make swapping photos effortless and damage-free. It holds 4x6 prints securely even when the AC is blasting. The wood frame looks rustic and matches my décor. Assembly took two minutes with no tools. Perfect for rotating vacation memories.",positive
57,SilkySmooth Fabric Shaver,"It revived my pilled sweaters in minutes without snagging delicate knits. The lint catcher pops out for easy emptying. Battery life is decent; I’ve used it on five garments and it’s still going. The cap protects the blades during storage. Cheaper than replacing clothes.",positive
58,QuickFlip Pancake Turner,"The thin edge slides under pancakes without tearing them. The silicone is heat-resistant and hasn’t melted at 400°F. The handle is long enough to keep my hand away from the griddle. After a year, there’s no sign of warping. Sunday breakfasts are now stress-free.",positive
59,SteadySip Travel Mug,"The lid locks securely and I’ve tossed it in my bag without leaks. Coffee stays hot for four hours, which gets me through morning lectures. The matte finish provides a secure grip even with wet hands. It’s dishwasher safe and hasn’t faded. Reliable daily companion.",positive
60,EdgeGlow LED Strip Lights,"Installation was peel-and-stick simple behind my TV. The remote lets me choose from 16 colors to match movie moods. They sync to music, which impressed my friends at game night. After six months, one segment flickers occasionally. Great ambiance for the price.",positive
61,PureDrop Water Filter,"It removes the chlorine taste from tap water and the flow rate is fast. Installation took five minutes under the sink with no leaks. Filter replacements are affordable and last three months. The indicator light turns red when it’s time to swap. Cheaper and greener than bottled water.",positive
62,CloudCush Seat Cushion,"My tailbone pain vanished after one week of using this on my office chair. The memory foam rebounds quickly and doesn’t flatten during long meetings. The cover is removable and washes well. It’s a bit bulky for travel, but perfect for home office use. Worth the splurge for desk workers.",positive
63,SwiftStir Electric Milk Frother,"It whips oat milk into café-quality foam in 15 seconds flat. The stainless whisk cleans easily under running water. Battery life is impressive; I’ve frothed 50 lattes and it’s still strong. It’s compact enough to live in my utensil drawer. Morning coffee now feels like a treat.",positive
64,FlexiDesk Cable Organizer,"The silicone ties are stretchy and hold thick HDMI cables without snapping. I labeled each with tape for quick identification. My desk went from cable chaos to zen garden in ten minutes. They’re reusable and haven’t lost elasticity after a year. Simple solution to a universal problem.",positive
65,PeakCook Cast Iron Skillet,"It arrived pre-seasoned and cooked perfect steaks right out of the box. The helper handle makes lifting easier when it’s loaded with food. After a year of use, the surface is glassy smooth. It’s heavy, but that’s the trade-off for even heat. Will last generations with proper care.",positive
66,BrightSpot LED Book Light,"The flexible neck stays put and the three brightness levels are perfect for late-night reading. Battery life is solid at 20 hours on medium. It clips securely to paperbacks and e-readers. The lowest setting is dim enough not to wake my partner. Perfect for insomniacs and travelers.",positive
67,SteadyBrew Pour-Over Set,"The ceramic dripper retains heat and the spiral ribs ensure even extraction. Cleanup is just a quick rinse since grounds don’t stick. It makes a single cup without waste, which is ideal for solo mornings. The included scoop measures perfectly every time. Elevated my coffee game for under $30.",positive
68,QuickClick Bike Bell,"The ring is loud enough to alert pedestrians without sounding aggressive. Installation took one minute with the included hex key. The aluminum build has survived rain and mud. The lever feels crisp and hasn’t loosened. Cheap insurance against collisions on busy paths.",positive
69,CloudDry Hair Towel,"Microfiber absorbs water faster than cotton and reduces frizz for my curly hair. The button closure keeps it secure while I do skincare. It’s lightweight and doesn’t pull on my neck like heavy towels. After 50 washes, it’s still plush. Drying time cut in half.",positive
70,FlexiSeal Food Containers,"The lids lock with an audible click and I’ve dropped them without spills. They nest inside each other, saving cabinet space. The clear sides let me see leftovers at a glance. They’re microwave safe and haven’t warped. Swapped all my mismatched containers for these.",positive
71,PeakPack Daypack,"It holds a 15-inch laptop plus lunch and a jacket with room to spare. The chest strap distributes weight well for long walks. Water-resistant fabric kept my gear dry in a drizzle. After a year, the zippers still glide smoothly. Perfect for commuters and day hikers.",positive
72,SwiftSip Straw Set,"The metal straws are wide enough for smoothies and the cleaning brush reaches every corner. They stay cold and add a nice clink to iced coffee. The silicone tips prevent chipped teeth. I keep one in my car and one at work. Stylish and eco-friendly alternative to plastic.",positive
73,CozyGlow Himalayan Salt Lamp,"The warm glow is perfect for evening wind-down time. It’s heavier than expected and feels like a solid piece of décor. I haven’t noticed any air-purifying effects, but it’s calming. The dimmer switch allows subtle mood lighting. Looks great on my nightstand.",positive
74,QuickFix Sewing Kit,"It has every thread color I’ve needed and the needles are sharp. The compact case fits in my glove box for emergencies. I repaired a torn jacket on a camping trip in minutes. The scissors are tiny but effective. Lifesaver for clumsy travelers.",positive
75,EdgeBright Desk Lamp,"The three color temperatures help reduce eye strain during late-night work. The USB port on the base charges my phone while I study. The gooseneck adjusts easily and stays put. After a year, the touch sensor still responds instantly. Sleek and functional addition to my desk.",positive
76,SteadyCook Measuring Spoons,"The magnets keep them nested and they stick to my fridge for easy access. The narrow end fits spice jars perfectly. Stainless steel feels sturdy and hasn’t bent. They’re dishwasher safe and still shiny after dozens of washes. Baking is now more precise and fun.",positive
77,CloudComfort Slippers,"Memory foam insoles mold to my feet and feel like walking on pillows. The rubber sole lets me step outside to grab the mail. After six months, the fluff hasn’t flattened. They’re warm without making my feet sweat. My partner keeps stealing them.",positive
78,FlexiFlow Garden Hose,"It expands to full length under pressure and shrinks back for storage. The brass fittings haven’t leaked and the outer fabric hasn’t torn. It’s lightweight enough for my kids to use. After a summer of daily watering, it still works like new. No more wrestling with heavy rubber hoses.",positive
79,PeakClean Dish Brush,"The replaceable bristles scrub baked-on food without scratching pans. The handle is ergonomic and doesn’t slip when wet. A quick twist releases the head for composting. It’s stood up to daily use for eight months. Plastic waste reduced and dishes sparkle.",positive
80,SwiftSlice Apple Cutter,"It cores and slices apples in one motion and the blades are still sharp after a year. The handles are cushioned and don’t hurt my arthritic hands. It rinses clean in seconds. My kids now eat more fruit because it’s fun. Simple tool, big impact.",positive
81,BrightBeam Bike Light,"The 1000-lumen beam lights up dark trails and the battery lasts three hours on high. Mounting is tool-free and holds steady on rough terrain. The USB-C charging is fast and convenient. After a year, the rubber strap shows no wear. Night rides are now safe and fun.",positive
82,CloudRest Travel Pillow,"Memory foam supports my neck on long flights and the cover unzips for washing. It compresses into a small bag that clips to my backpack. The snap closure keeps it from sliding. After five trips, it hasn’t lost shape. Red-eye flights are now bearable.",positive
83,FlexiStore Vacuum Bags,"They compress bulky sweaters to one-third the size and the double-zip seal holds tight. The hand pump is included and works quickly. I labeled each bag with contents and stored them under the bed. After a year, no air has leaked back in. Seasonal storage solved.",positive
84,PeakGrip Jar Opener,"It grips lids from 1 to 4 inches and pops them open with minimal effort. The rubber is thick and hasn’t cracked. I keep one in the kitchen and one in my RV. It’s dishwasher safe and looks new after a year. Arthritis sufferers swear by it.",positive
85,SteadyStir Silicone Spatula,"The head is flexible enough to scrape bowls clean and heat-resistant to 500°F. The handle is solid wood and hasn’t loosened. It’s dishwasher safe and stain-free after a year. My non-stick pans remain scratch-free. Essential for any baker.",positive
86,QuickCharge Car Adapter,"It fast-charges my Samsung and iPhone simultaneously without overheating. The LED indicator is dim enough for night driving. After six months, the ports still grip cables tightly. It’s compact and doesn’t block the other outlet. Road-trip essential.",positive
87,CloudFlip Pancake Turner,"The thin edge slides under delicate crepes without tearing. The silicone is heat-resistant and hasn’t melted. The handle is long enough to keep hands away from heat. After a year, it still looks new. Sunday brunch game elevated.",positive
88,FlexiDry Clothes Rack,"It folds flat and sets up in seconds for drying sweaters. The bars are sturdy and hold 20 pounds without wobbling. It’s lightweight enough to move outside on sunny days. After two years, no rust or bending. Apartment dwellers need this.",positive
89,PeakCook Silicone Mat,"It replaces parchment paper and cookies slide right off. Cleanup is a quick rinse and it’s dishwasher safe. After 100 bakes, it’s still non-stick and stain-free. It rolls up for storage without creasing. Eco-friendly and wallet-friendly.",positive
90,SwiftZip Cable Ties,"Velcro ties are reusable and hold thick HDMI cables without stretching. I labeled each with tape for quick ID. My desk went from chaos to zen in minutes. After a year, the hooks still grip. Cheap solution to cable clutter.",positive
91,BrightPath LED Strip,"Peel-and-stick installation behind my TV took five minutes. The remote offers 16 colors to match movie nights. They sync to music, which impressed guests. After six months, one segment flickers. Great ambiance for the price.",positive
92,CloudSip Straw Lids,"They fit my wide-mouth bottles and the straw is wide enough for smoothies. The silicone seal prevents leaks even when tipped. After a year, no mold or cracking. Dishwasher safe and still clear. Hydration game upgraded.",positive
93,FlexiSeal Storage Bags,"The zip seal locks tight and I’ve dropped them without spills. They’re freezer safe and haven’t cracked at -20°F. I label contents with a dry-erase marker. After six months, the seals still work. Replaced all my disposable bags.",positive
94,PeakCook Knife Sharpener,"Three stages restored my dull knives to razor sharp. The suction base keeps it stable. After a year, the stones still work. It’s not a whetstone, but perfect for quick touch-ups. My knives now slice tomatoes effortlessly.",positive
95,SteadyBrew Pour-Over,"The ceramic dripper retains heat and the spiral ribs ensure even extraction. Cleanup is a quick rinse. It makes a single cup without waste. The included scoop measures perfectly. Elevated my coffee for under $30.",positive
96,QuickFix Tool Kit,"It has every bit I’ve needed and the case is compact. The ratchet feels solid and hasn’t stripped screws. I keep it in my glove box for emergencies. After a year, the bits still fit snugly. Lifesaver for apartment dwellers.",positive
97,CloudRest Eye Mask,"Memory foam blocks light completely and the strap doesn’t tangle hair. It’s washable and hasn’t lost shape. I use it on flights and at home. After six months, the elastic is still strong. Light sleepers will love it.",positive
98,FlexiDesk Phone Stand,"It holds my phone horizontally for video calls and vertically for recipes. The angle is adjustable and the base is sturdy. It’s foldable and fits in my pocket. After a year, the hinges still tighten. Hands-free convenience everywhere.",positive
99,PeakCharge Wireless Pad,"It charges my phone overnight without overheating. The LED is dim enough for bedside use. After six months, the pad still works. It’s slower than cable, but convenient. Fine for nightly charging.",neutral
100,SwiftSlice Pizza Cutter,"The sharp wheel slices through thick crust without dragging toppings. The handle is ergonomic and dishwasher safe. After a year, the blade is still sharp. It’s compact and stores easily. Pizza nights are now effortless.",positive