text,sentiment
"I absolutely love this product! It's amazing.",positive
"This is the worst service I've ever experienced.",negative
"The item arrived on time and works as expected.",neutral
"The movie was fantastic, highly recommend!",positive
"I'm very disappointed with the quality.",negative
"The weather today is just okay, nothing special.",neutral
"This app has changed my life for the better!",positive
"Customer support was rude and unhelpful.",negative
"The meeting was scheduled for 3 PM tomorrow.",neutral
"The food at this restaurant is delicious!",positive
"My package never arrived, very frustrating.",negative
"The document needs to be reviewed by Friday.",neutral
"Such an inspiring book, couldn't put it down!",positive
"The software crashes constantly, very annoying.",negative
"The train leaves from platform 9 at 5:30.",neutral
"Best coffee I've ever tasted!",positive
"Room was dirty and smelled bad when we arrived.",negative
"Please submit your reports by end of day.",neutral
"These headphones have incredible sound quality!",positive
"Website is impossible to navigate, terrible design.",negative
"Annual general meeting is next Tuesday.",neutral
"Staff went above and beyond to help us.",positive
"Product broke after just two days of use.",negative
"Remember to bring your ID to the office.",neutral
"The sunset view from here is breathtaking!",positive
"Flight was delayed for 8 hours with no updates.",negative
"New policy takes effect starting next month.",neutral
"Worth every penny, excellent value!",positive
"Food was cold and service was slow.",negative
"Parking available in the rear of building.",neutral
"My new phone works perfectly, very happy!",positive
"Instructions were unclear, wasted my time.",negative
"Library will be closed for renovations.",neutral
"Such a comfortable mattress, sleeping great!",positive
"Taxi driver took the longest route possible.",negative
"All employees must attend the workshop.",neutral
"Gardening tools are durable and well-made.",positive
"Hotel room had bugs and was unacceptable.",negative
"Conference call details have been emailed.",neutral
"These shoes are so stylish and comfortable!",positive
"App keeps logging me out randomly.",negative
"Maintenance scheduled for this weekend.",neutral
"Teacher explains everything so clearly!",positive
"Order was wrong and missing items.",negative
"Please update your contact information.",neutral
"Best birthday present ever, thank you!",positive
"Tour guide was uninformed and boring.",negative
"Elevator is out of service, use stairs.",neutral
"Highly effective cleaning products!",positive
"Waiter forgot our order twice.",negative
"Fire drill will be conducted tomorrow.",neutral
"Most reliable car I've ever owned.",positive
"Speaker volume is too low even at max.",negative
"Documents should be signed in blue ink.",neutral
"Perfect gift for any occasion!",positive
"Air conditioning wasn't working in summer.",negative
"Park opens at 6 AM during summer.",neutral
"Extremely satisfied with my purchase!",positive
"Website charged me twice by mistake.",negative
"New parking permits available now.",neutral
"These cookies taste homemade, delicious!",positive
"Movie tickets were overpriced for value.",negative
"Class registration ends this Friday.",neutral
"Service was quick and professional.",positive
"Appointment got cancelled last minute.",negative
"All applications must be submitted online.",neutral
"Great atmosphere and friendly staff!",positive
"Product photo was misleading.",negative
"Meeting room has been changed to 402.",neutral
"Exactly what I was looking for!",positive
"Delivery guy was impatient and rude.",negative
"Password must be changed every 90 days.",neutral
"Best decision I've made all year!",positive
"Battery life is shorter than advertised.",negative
"Office will close early on Christmas Eve.",neutral
"Kids loved it, kept them entertained!",positive
"Found a cheaper alternative elsewhere.",negative
"Please silence phones during presentation.",neutral
"Exceeded all my expectations!",positive
"Software license expired unexpectedly.",negative
"Next team building event is in March.",neutral
"Most comfortable shoes I've ever worn!",positive
"Restaurant was too noisy to converse.",negative
"Check-in begins at 3 PM sharp.",neutral
"Solved all my problems instantly!",positive
"Flight attendant was dismissive.",negative
"All applications due by 5 PM today.",neutral
"Perfect fit and very flattering!",positive
"Website doesn't remember my preferences.",negative
"Annual budget review is next week.",neutral
"Fast shipping and well packaged.",positive
"Item color was different from picture.",negative
"Please reply to this email by Friday.",neutral
"Worth the wait, amazing quality!",positive
"Customer service never replied.",negative
"New safety protocols are in place.",neutral
"Best purchase I've made in years!",positive
"Room service forgot our order.",negative
"Please complete the survey by EOD.",neutral
"Easy to assemble and works great!",positive
"App notifications are too frequent.",negative
"Team lunch is scheduled for noon.",neutral
"Great taste and healthy ingredients!",positive
"Taxi interior was dirty and smelly.",negative
"All staff must wear ID badges.",neutral
"Perfect for beginners and experts!",positive
"Music was too loud at the venue.",negative
"Project deadline extended to Monday.",neutral
"Highly recommend to all my friends!",positive
"Food portions were too small.",negative
"New software update is available.",neutral
"Customer for life after this experience!",positive
"Cashier was arguing with a customer.",negative
"Please review the attached document.",neutral
"Attention to detail is impressive!",positive
"Website requires too much personal info.",negative
"Training materials are in the shared folder.",neutral
"Made my daily routine so much easier!",positive
"Hotel charged extra fees unexpectedly.",negative
"Please confirm your attendance.",neutral
"Bought another as a gift, that good!",positive
"Flight was turbulent and scary.",negative
"New dress code policy starts Monday.",neutral
"Staff remembered my name, so personal!",positive
"Package was left in the rain.",negative
"All expenses must be itemized.",neutral
"Fixed my issue in minutes!",positive
"Movie had terrible plot holes.",negative
"Parking validation requires receipt.",neutral
"Will definitely buy again!",positive
"Store was out of my size.",negative
"Please use the new time tracking system.",neutral
"Kids haven't stopped playing with it!",positive
"Food was bland and overpriced.",negative
"New employee orientation is tomorrow.",neutral
"Exactly as described, very happy!",positive
"Neighbor's dog barks all night.",negative
"Quarterly reports are due soon.",neutral
"Solved my back pain immediately!",positive
"Cashier didn't know the return policy.",negative
"Please submit vacation requests early.",neutral
"Best in its category by far!",positive
"Conference had terrible organization.",negative
"New security cameras have been installed.",neutral
"Worth every single penny!",positive
"Taxi driver didn't know the area.",negative
"All departments must reduce expenses.",neutral
"Staff made me feel so welcome!",positive
"App keeps freezing on my phone.",negative
"Summer hours begin next week.",neutral
"Most intuitive interface I've used!",positive
"Tour was rushed and incomplete.",negative
"Please sign the attendance sheet.",neutral
"Life-changing product, no exaggeration!",positive
"Restaurant lost our reservation.",negative
"New health benefits are available.",neutral
"Customer service was exceptional!",positive
"Product arrived with scratches.",negative
"Team meeting moved to conference room B.",neutral
"Couldn't be happier with my choice!",positive
"Airline lost my luggage.",negative
"Remember to back up your files.",neutral
"Fastest delivery I've ever seen!",positive
"Instructions were in wrong language.",negative
"Office will be closed for holidays.",neutral
"Perfect for my needs, highly recommend!",positive
"Neighborhood construction is too loud.",negative
"New project assignments are posted.",neutral
"Quality exceeds the price point!",positive
"Website has too many pop-up ads.",negative
"All staff must complete the training.",neutral
"Best service I've received anywhere!",positive
"Movie theater seats were uncomfortable.",negative
"Fire extinguishers have been inspected.",neutral
"Five stars aren't enough for this!",positive
"Plumber arrived 3 hours late.",negative
"New parking rules take effect Monday.",neutral
"Saved me so much time and effort!",positive
"Food delivery was cold when arrived.",negative
"Please update your emergency contacts.",neutral
"Better than I imagined possible!",positive
"Concert sound system had issues.",negative
"New recycling bins have been delivered.",neutral
"Wish I had found this sooner!",positive
"Taxi meter was running too fast.",negative
"All managers must attend the retreat.",neutral
"Attention to detail is remarkable!",positive
"Room had view of parking lot, not ocean.",negative
"New break room policy is in effect.",neutral
"Most comfortable clothing I own!",positive
"Flight was overbooked and chaotic.",negative
"Please review the new guidelines.",neutral
"Exceeded my high expectations!",positive
"Restaurant had hair in the food.",negative
"Annual performance reviews upcoming.",neutral
"Fast response to my inquiry!",positive
"Website requires too many permissions.",negative
"New time-off system is now live.",neutral
"Perfect addition to my collection!",positive
"Taxi had broken seat belts.",negative
"All hands meeting at 10 AM.",neutral
"Solved a problem I've had for years!",positive
"Package was delivered to wrong address.",negative
"New dress code takes effect immediately.",neutral
"Best value for money I've found!",positive
"Concert tickets were non-refundable.",negative
"Please complete your timesheets.",neutral
"Exactly what I needed, thank you!",positive
"Store had very limited selection.",negative
"New safety training is mandatory.",neutral
"Works perfectly with my setup!",positive
"Hotel charged for amenities we didn't use.",negative
"All expense reports must be submitted.",neutral
"Couldn't ask for anything better!",positive
"Flight had no legroom whatsoever.",negative
"New software licenses have arrived.",neutral
"Most reliable brand I trust!",positive
"Food took over an hour to arrive.",negative
"Please silence all mobile devices.",neutral
"Perfect gift for any tech lover!",positive
"Movie was sold out when we arrived.",negative
"New security procedures are in place.",neutral
"Worth staying up late to finish!",positive
"Taxi driver was talking on phone.",negative
"All departments must cut costs.",neutral
"Best customer service experience!",positive
"Product was much smaller than expected.",negative
"New break room fridge is installed.",neutral
"Fixed my issue before I even asked!",positive
"Restaurant was out of main dishes.",negative
"Please use the new filing system.",neutral
"Exactly matches the description!",positive
"Neighbor's party went until 4 AM.",negative
"New parking permits are available.",neutral
"Most efficient tool I've used!",positive
"Conference wifi didn't work properly.",negative
"All staff must wear name badges.",neutral
"Saved me hours of work daily!",positive
"Package arrived with items missing.",negative
"New health insurance forms are out.",neutral
"Better than the expensive brands!",positive
"Taxi had no air conditioning.",negative
"Please review the meeting minutes.",neutral
"Perfect solution to my problem!",positive
"Store had incorrect price tags.",negative
"New employee handbook is available.",neutral
"Works exactly as advertised!",positive
"Hotel pool was closed for repairs.",negative
"All reports must be filed by Friday.",neutral
"Couldn't live without it now!",positive
"Flight had no entertainment system.",negative
"New security badges are required.",neutral
"Most thoughtful design features!",positive
"Food was undercooked and unsafe.",negative
"Please submit your ideas by email.",neutral
"Exactly the right size and shape!",positive
"Construction noise starts at 7 AM.",negative
"New recycling policy starts today.",neutral
"Best investment I've made this year!",positive
"Movie had terrible acting and script.",negative
"All team leads must attend briefing.",neutral
"Solved all my organization needs!",positive
"Restaurant messed up our order twice.",negative
"New time tracking software is live.",neutral
"Perfect for my small apartment!",positive
"Taxi smelled like cigarettes.",negative
"Please check the shared calendar.",neutral
"Works seamlessly with all my devices!",positive
"Hotel charged extra cleaning fees.",negative
"All staff must complete the survey.",neutral
"Most user-friendly app available!",positive
"Conference room was double-booked.",negative
"New parking validation system in place.",neutral
"Saved me from a major headache!",positive
"Package was left at wrong door.",negative
"New benefits package is announced.",neutral
"Better than I could have hoped!",positive
"Flight was diverted unnecessarily.",negative
"Please review the safety manual.",neutral
"Perfect for beginners like me!",positive
"Store clerk ignored me completely.",negative
"New office layout starts Monday.",neutral
"Works perfectly right out of the box!",positive
"Restaurant had very slow service.",negative
"All employees must sign the log.",neutral
"Couldn't be more pleased!",positive
"Neighbor's car alarm goes off nightly.",negative
"New document management system.",neutral
"Most innovative product I've seen!",positive
"Taxi driver got lost twice.",negative
"Please use the new email template.",neutral
"Exactly matches my decor!",positive
"Movie theater was freezing cold.",negative
"New vacation policy is effective.",neutral
"Best service at this price point!",positive
"Food delivery forgot the utensils.",negative
"All managers must submit reports.",neutral
"Solved my storage issues completely!",positive
"Hotel room wasn't cleaned properly.",negative
"New security measures are active.",neutral
"Perfect for travel and compact!",positive
"Construction blocked my driveway.",negative
"Please update your profiles.",neutral
"Works better than I expected!",positive
"Flight had screaming children.",negative
"New training modules are available.",neutral
"Most comfortable purchase ever!",positive
"Restaurant was out of clean glasses.",negative
"All staff must attend the seminar.",neutral
"Saved me so much money!",positive
"Package was damaged during shipping.",negative
"New break room rules posted.",neutral
"Better than the leading brand!",positive
"Taxi had sticky seats.",negative
"Please review the new guidelines.",neutral
"Perfect for my morning routine!",positive
"Store had everything out of stock.",negative
"New parking allocation system.",neutral
"Works flawlessly every time!",positive
"Hotel lost our reservation.",negative
"All expense forms must be signed.",neutral
"Couldn't ask for better quality!",positive
"Neighbor's trash blows into my yard.",negative
"New safety equipment has arrived.",neutral
"Most versatile tool in my kit!",positive
"Conference had no vegetarian options.",negative
"Please use the new request form.",neutral
"Exactly what the doctor ordered!",positive
"Movie had no subtitles available.",negative
"New remote work policy announced.",neutral
"Best decision of my life!",positive
"Food delivery was an hour late.",negative
"All teams must submit budgets.",neutral
"Solved my problem in seconds!",positive
"Restaurant had dirty silverware.",negative
"New ID badge photos scheduled.",neutral
"Perfect for my specific needs!",positive
"Taxi driver was speeding dangerously.",negative
"Please check the updated schedule.",neutral
"Works great with my existing setup!",positive
"Hotel had no hot water.",negative
"All staff must complete certification.",neutral
"Most efficient service available!",positive
"Construction woke me up at 5 AM.",negative
"New document signing procedure.",neutral
"Saved me from making a mistake!",positive
"Package was left in direct sun.",negative
"New health screening requirements.",neutral
"Better than anything else I've tried!",positive
"Flight attendant spilled drink on me.",negative
"Please review the code of conduct.",neutral
"Perfect for family game night!",positive
"Store had broken displays everywhere.",negative
"New vacation request system.",neutral
"Works perfectly with no setup!",positive
"Restaurant messed up our bill.",negative
"All employees must attend.",neutral
"Couldn't be happier with results!",positive
"Neighbor's music shakes my walls.",negative
"New recycling bins installed.",neutral
"Most reliable brand on market!",positive
"Conference had no wheelchair access.",negative
"Please use the new login system.",neutral
"Exactly the features I wanted!",positive
"Movie had terrible sound quality.",negative
"New parental leave policy.",neutral
"Best purchase in recent memory!",positive
"Food delivery got the order wrong.",negative
"All teams must reduce overhead.",neutral
"Solved my issue permanently!",positive
"Hotel had stained bedding.",negative
"New security protocols effective.",neutral
"Perfect for my work-from-home setup!",positive
"Taxi had broken door handles.",negative
"Please check the staff bulletin.",neutral
"Works better than advertised!",positive
"Flight was canceled last minute.",negative
"New performance review system.",neutral
"Most comfortable shoes ever made!",positive
"Restaurant was out of high chairs.",negative
"All staff must read the memo.",neutral
"Saved me countless hours!",positive
"Package was left in the rain.",negative
"New break room microwave.",neutral
"Better than professional versions!",positive
"Construction dust ruined my laundry.",negative
"Please review the new policies.",neutral
"Perfect for my daily commute!",positive
"Store had rude cashiers.",negative
"New time-off approval process.",neutral
"Works seamlessly across devices!",positive
"Hotel had no working elevator.",negative
"All reports must be filed.",neutral
"Couldn't imagine life without it!",positive
"Neighbor's dog destroyed my garden.",negative
"New safety training scheduled.",neutral
"Most intuitive software I've used!",positive
"Conference room was too small.",negative
"Please use the new templates.",neutral
"Exactly the right amount!",positive
"Movie theater seats were broken.",negative
"New remote work guidelines.",neutral
"Best quality at this price!",positive
"Food delivery forgot the drinks.",negative
"All teams must submit plans.",neutral
"Solved my problem completely!",positive
"Restaurant had a long wait time.",negative
"New ID badge requirements.",neutral
"Perfect for my small kitchen!",positive
"Taxi driver was smoking.",negative
"Please check the shared drive.",neutral
"Works perfectly with my workflow!",positive
"Hotel had noisy hallway.",negative
"All staff must complete training.",neutral
"Most durable product available!",positive
"Construction blocked my parking.",negative
"New document filing system.",neutral
"Saved me from expensive repairs!",positive
"Package was left at neighbor's.",negative
"New health benefits options.",neutral
"Better than store-bought versions!",positive
"Flight had no overhead bin space.",negative
"Please review the handbook.",neutral
"Perfect for my exercise routine!",positive
"Store had incorrect signage.",negative
"New project management tool.",neutral
"Works exactly how I need it to!",positive
"Restaurant was out of clean plates.",negative
"All employees must participate.",neutral
"Couldn't be more satisfied!",positive
"Neighbor's parties are too frequent.",negative
"New recycling program starts.",neutral
"Most energy-efficient model!",positive
"Conference had no vegan options.",negative
"Please use the new portal.",neutral
"Exactly matches my expectations!",positive
"Movie had no captions for hearing impaired.",negative
"New work-from-home policy.",neutral
"Best gift I've received!",positive
"Food delivery was missing items.",negative
"All teams must reduce waste.",neutral
"Solved my issue immediately!",positive
"Hotel had broken thermostat.",negative
"New security cameras installed.",neutral
"Perfect for my weekend trips!",positive
"Taxi had no working meter.",negative
"Please check the updated manual.",neutral
"Works better than competitors!",positive
"Flight had uncomfortable seats.",negative
"New performance metrics.",neutral
"Most stylish option available!",positive
"Restaurant had a bug in salad.",negative
"All staff must attend meeting.",neutral
"Saved me so much space!",positive
"Package was left in unsafe area.",negative
"New break room furniture.",neutral
"Better than name brands!",positive
"Construction damaged my property.",negative
"Please review the procedures.",neutral
"Perfect for my morning coffee!",positive
"Store had expired products.",negative
"New vacation accrual system.",neutral
"Works perfectly every single time!",positive
"Hotel had dirty bathroom.",negative
"All reports must be approved.",neutral
"Couldn't have asked for more!",positive
"Neighbor's tree blocks my sunlight.",negative
"New safety equipment issued.",neutral
"Most affordable quality option!",positive
"Conference had poor ventilation.",negative
"Please use the new interface.",neutral
"Exactly the right tool for the job!",positive
"Movie theater had sticky floors.",negative
"New parental policy effective.",neutral
"Best product of its kind!",positive
"Food delivery was cold and late.",negative
"All teams must conserve resources.",neutral
"Solved all my storage problems!",positive
"Restaurant had rude hostess.",negative
"New ID card pickup scheduled.",neutral
"Perfect for my home office!",positive
"Taxi had no child seats available.",negative
"Please check the company blog.",neutral
"Works seamlessly with my apps!",positive
"Hotel had no ice machines.",negative
"All staff must complete courses.",neutral
"Most comfortable purchase!",positive
"Construction noise all weekend.",negative
"New document retention policy.",neutral
"Saved me from buying expensive alternatives!",positive
"Package was left in the snow.",negative
"New health screening available.",neutral
"Better than I dreamed possible!",positive
"Flight had no vegetarian meal.",negative
"Please review the guidelines.",neutral
"Perfect for my skincare routine!",positive
"Store had no shopping carts.",negative
"New time tracking procedures.",neutral
"Works exactly as I envisioned!",positive
"Restaurant had long wait for table.",negative
"All employees must comply.",neutral
"Couldn't be happier with purchase!",positive
"Neighbor's garbage attracts pests.",negative
"New safety drills scheduled.",neutral
"Most reliable service provider!",positive
"Conference had no seating left.",negative
"Please use the new dashboard.",neutral
"Exactly what my home needed!",positive
"Movie had distracting audience.",negative
"New remote work guidelines effective.",neutral
"Best value in its category!",positive
"Food delivery forgot the condiments.",negative
"All teams must reduce expenses.",neutral
"Solved my problem instantly!",positive
"Hotel had no extra blankets.",negative
"New security measures in place.",neutral
"Perfect for my outdoor activities!",positive
"Taxi had broken air vents.",negative
"Please check the staff portal.",neutral
"Works better than professional tools!",positive
"Flight had rude cabin crew.",negative
"New performance review process.",neutral
"Most comfortable home item!",positive
"Restaurant was out of high chairs.",negative
"All staff must read policy.",neutral
"Saved me time and money!",positive
"Package was left at wrong house.",negative
"New break room supplies.",neutral
"Better than luxury brands!",positive
"Construction caused plumbing issues.",negative
"Please review the handbook updates.",neutral
"Perfect for my meditation practice!",positive
"Store had misleading advertisements.",negative
"New project timeline announced.",neutral
"Works flawlessly with no issues!",positive
"Hotel had no late check-out option.",negative
"All reports must be submitted.",neutral
"Couldn't recommend more highly!",positive
"Neighbor's lights shine in my windows.",negative
"New recycling initiative starts.",neutral
"Most energy-saving appliance!",positive
"Conference had no handicap parking.",negative
"Please use the new software.",neutral
"Exactly matches my style!",positive
"Movie theater had broken seats.",negative
"New work flexibility options.",neutral
"Best customer support experience!",positive
"Food delivery was incorrect.",negative
"All teams must meet targets.",neutral
"Solved my organizational chaos!",positive
"Restaurant had slow kitchen.",negative
"New badge access system.",neutral
"Perfect for my small bathroom!",positive
"Taxi driver was unprofessional.",negative
"Please check the updated guidelines.",neutral
"Works perfectly with my lifestyle!",positive
"Flight had no leg room.",negative
"New attendance policy effective.",neutral
"Most stylish and functional!",positive
"Construction blocked sidewalk.",negative
"All staff must complete modules.",neutral
"Saved me from costly mistakes!",positive
"Package was left in the rain.",negative
"New health program announced.",neutral
"Better than custom solutions!",positive
"Hotel had no hot water in shower.",negative
"Please review the safety updates.",neutral
"Perfect for my creative projects!",positive
"Store had no price scanners.",negative
"New vacation rollover policy.",neutral
"Works exactly how I wanted!",positive
"Restaurant had limited menu.",negative
"All employees must attend training.",neutral
"Couldn't be more pleased with results!",positive
"Neighbor's parties are too loud.",negative
"New security training required.",neutral
"Most affordable high-quality option!",positive
"Conference room was too cold.",negative
"Please use the new system.",neutral
"Exactly what my recipe needed!",positive
"Movie had poor audio mixing.",negative
"New remote work options available.",neutral
"Best investment I've ever made!",positive
"Food delivery forgot the sides.",negative
"All teams must reduce costs.",neutral
"Solved my space issues completely!",positive
"Hotel had stained towels.",negative
"New camera system installed.",neutral
"Perfect for my travel needs!",positive
"Taxi had no trunk space.",negative
"Please check the company updates.",neutral
"Works seamlessly with my routine!",positive
"Flight had no entertainment.",negative
"New performance goals set.",neutral
"Most comfortable shoes I own!",positive
"Restaurant had dirty menus.",negative
"All staff must complete assessment.",neutral
"Saved me so much hassle!",positive
"Package was left in unsafe spot.",negative
"New break room rules effective.",neutral
"Better than designer brands!",positive
"Construction damaged my lawn.",negative
"Please review the new protocols.",neutral
"Perfect for my morning smoothies!",positive
"Store had no bags available.",negative
"New time-off system implemented.",neutral
"Works perfectly right away!",positive
"Hotel had noisy neighbors.",negative
"All reports must be accurate.",neutral
"Couldn't have made a better choice!",positive
"Neighbor's dog barks constantly.",negative
"New safety equipment required.",neutral
"Most reliable product I own!",positive
"Conference had no water stations.",negative
"Please use the updated platform.",neutral
"Exactly the aesthetic I wanted!",positive
"Movie theater seats were torn.",negative
"New parental leave benefits.",neutral
"Best service in the industry!",positive
"Food delivery was missing utensils.",negative
"All teams must improve efficiency.",neutral
"Solved my storage dilemma!",positive
"Restaurant had unfriendly staff.",negative
"New ID verification process.",neutral
"Perfect for my home workouts!",positive
"Taxi had no seat belts.",negative
"Please check the staff updates.",neutral
"Works better than I imagined!",positive
"Flight had no charging ports.",negative
"New review process in place.",neutral
"Most comfortable home purchase!",positive
"Construction starts at 6 AM daily.",negative
"All staff must complete training modules.",neutral
"Saved me from expensive alternatives!",positive
"Package was left in direct sunlight.",negative
"New wellness program options.",neutral
"Better than all competitors!",positive
"Hotel had broken bathroom fixtures.",negative
"Please review the updated manual.",neutral
"Perfect for my art projects!",positive
"Store had no working restrooms.",negative
"New project deadlines set.",neutral
"Works exactly as described!",positive
"Restaurant had limited hours.",negative
"All employees must sign in.",neutral
"Couldn't be happier with service!",positive
"Neighbor's trash is unsightly.",negative
"New recycling program launched.",neutral
"Most energy-efficient choice!",positive
"Conference had no healthy options.",negative
"Please use the new submission form.",neutral
"Exactly matches my vision!",positive
"Movie had terrible lighting.",negative
"New flexible work arrangements.",neutral
"Best purchase in a long time!",positive
"Food delivery was late and cold.",negative
"All teams must reduce paper use.",neutral
"Solved my problem effortlessly!",positive
"Hotel had no extra pillows.",negative
"New security procedures active.",neutral
"Perfect for my camping trips!",positive
"Taxi had broken windows.",negative
"Please check the policy updates.",neutral
"Works perfectly with my needs!",positive
"Flight had no available seats together.",negative
"New evaluation system implemented.",neutral
"Most stylish and practical!",positive
"Restaurant had limited parking.",negative
"All staff must read updates.",neutral
"Saved me countless hours weekly!",positive
"Package was left at wrong apartment.",negative
"New break room coffee machine.",neutral
"Better than premium brands!",positive
"Construction noise all day.",negative
"Please review the safety manual.",neutral
"Perfect for my daily organization!",positive
"Store had no customer service desk.",negative
"New vacation policy changes.",neutral
"Works flawlessly without issues!",positive
"Hotel had no early check-in option.",negative
"All reports must be filed timely.",neutral
"Couldn't recommend it enough!",positive
"Neighbor's parties disrupt sleep.",negative
"New security awareness training.",neutral
"Most affordable quality product!",positive
"Conference had no seating charts.",negative
"Please use the new application.",neutral
"Exactly what my space needed!",positive
"Movie theater had broken AC.",negative
"New work-life balance initiatives.",neutral
"Best customer service ever!",positive
"Food delivery forgot the main course.",negative
"All teams must meet new targets.",neutral
"Solved my issue in no time!",positive
"Restaurant had dirty tables.",negative
"New access control system.",neutral
"Perfect for my small space!",positive
"Taxi driver was reckless.",negative
"Please check the latest memo.",neutral
"Works seamlessly with my setup!",positive
"Flight had no available overhead bins.",negative
"New attendance tracking system.",neutral
"Most comfortable furniture piece!",positive
"Construction blocked my entrance.",negative
"All staff must complete certification.",neutral
"Saved me from buying wrong item!",positive
"Package was left in the driveway.",negative
"New health initiative launched.",neutral
"Better than specialty products!",positive
"Hotel had no working phone.",negative
"Please review the new handbook.",neutral
"Perfect for my productivity!",positive
"Store had no price tags visible.",negative
"New time tracking requirements.",neutral
"Works exactly as I need it to!",positive
"Restaurant had limited seating.",negative
"All employees must participate.",neutral
"Couldn't be more satisfied with results!",positive
"Neighbor's leaves clog my gutters.",negative
"New safety inspection schedule.",neutral
"Most reliable brand out there!",positive
"Conference had no presentation screens.",negative
"Please use the updated system.",neutral
"Exactly the right features!",positive
"Movie had poor special effects.",negative
"New remote work guidelines posted.",neutral
"Best quality for the price!",positive
"Food delivery was missing items.",negative
"All teams must conserve energy.",neutral
"Solved my storage needs perfectly!",positive
"Hotel had no luggage carts.",negative
"New camera surveillance policy.",neutral
"Perfect for my travel lifestyle!",positive
"Taxi had no child safety seats.",negative
"Please check the policy changes.",neutral
"Works better than expected!",positive
"Flight had uncomfortable seating.",negative
"New performance metrics established.",neutral
"Most comfortable everyday item!",positive
"Restaurant had no high chairs.",negative
"All staff must attend briefing.",neutral
"Saved me so much time daily!",positive
"Package was left in the open.",negative
"New break room refrigerator.",neutral
"Better than high-end versions!",positive
"Construction damaged my fence.",negative
"Please review the procedures manual.",neutral
"Perfect for my morning routine!",positive
"Store had no shopping baskets.",negative
"New project management process.",neutral
"Works perfectly with no problems!",positive
"Hotel had no room service.",negative
"All reports must be accurate.",neutral
"Couldn't have asked for better!",positive
"Neighbor's car blocks my driveway.",negative
"New recycling bins delivered.",neutral
"Most energy-saving purchase!",positive
"Conference had no name tags.",negative
"Please use the new portal login.",neutral
"Exactly matches my decor style!",positive
"Movie theater seats were dirty.",negative
"New parental leave policy effective.",neutral
"Best service I've experienced!",positive
"Food delivery was incorrect order.",negative
"All teams must reduce waste.",neutral
"Solved my problem completely!",positive
"Restaurant had slow bartender.",negative
"New ID badge pickup process.",neutral
"Perfect for my home gym!",positive
"Taxi had no air conditioning.",negative
"Please check the company updates.",neutral
"Works seamlessly with my devices!",positive
"Flight had no vegetarian options.",negative
"New review system in place.",neutral
"Most stylish and functional item!",positive
"Construction noise early mornings.",negative
"All staff must complete modules.",neutral
"Saved me from expensive repairs!",positive
"Package was left in the rain.",negative
"New wellness program benefits.",neutral
"Better than all alternatives!",positive
"Hotel had broken bathroom door.",negative
"Please review the safety guidelines.",neutral
"Perfect for my creative needs!",positive
"Store had no customer assistance.",negative
"New vacation policy updates.",neutral
"Works exactly as promised!",positive
"Restaurant had limited options.",negative
"All employees must sign forms.",neutral
"Couldn't be happier with quality!",positive
"Neighbor's trash smells terrible.",negative
"New security training required.",neutral
"Most affordable quality option!",positive
"Conference room was too warm.",negative
"Please use the new interface system.",neutral
"Exactly the right tool I needed!",positive
"Movie had distracting glitches.",negative
"New work flexibility options available.",neutral
"Best value for the money!",positive
"Food delivery was late again.",negative
"All teams must meet objectives.",neutral
"Solved my organization issues!",positive
"Hotel had no extra blankets.",negative
"New security cameras active.",neutral
"Perfect for my outdoor adventures!",positive
"Taxi had sticky dashboard.",negative
"Please check the staff notices.",neutral
"Works better than professional grade!",positive
"Flight had rude passengers.",negative
"New performance evaluation process.",neutral
"Most comfortable home purchase ever!",positive
"Restaurant had no booster seats.",negative
"All staff must read updates.",neutral
"Saved me money and time!",positive
"Package was left at wrong door.",negative
"New break room supplies arrived.",neutral
"Better than luxury alternatives!",positive
"Construction woke me up early.",negative
"Please review the policy manual.",neutral
"Perfect for my daily needs!",positive
"Store had misleading sales signs.",negative
"New project timeline released.",neutral
"Works flawlessly without fail!",positive
"Hotel had no late check-in.",negative
"All reports must be complete.",neutral
"Couldn't recommend highly enough!",positive
"Neighbor's lights are blinding.",negative
"New recycling program initiated.",neutral
"Most energy-efficient model available!",positive
"Conference had no wheelchair ramps.",negative
"Please use the new dashboard system.",neutral
"Exactly what my kitchen needed!",positive
"Movie theater had sticky floors.",negative
"New remote work policy changes.",neutral
"Best customer support available!",positive
"Food delivery forgot the sauce.",negative
"All teams must reduce spending.",neutral
"Solved my storage problem entirely!",positive
"Restaurant had unfriendly waitstaff.",negative
"New badge access procedures.",neutral
"Perfect for my small space needs!",positive
"Taxi driver was speeding.",negative
"Please check the updated policies.",neutral
"Works perfectly with my routine!",positive
"Flight had no legroom at all.",negative
"New attendance policy announced.",neutral
"Most comfortable shoes I've worn!",positive
"Construction blocked my street.",negative
"All staff must complete training.",neutral
"Saved me from costly errors!",positive
"Package was left in the sun.",negative
"New health initiative options.",neutral
"Better than name brand products!",positive
"Hotel had no hot water pressure.",negative
"Please review the safety procedures.",neutral
"Perfect for my artistic projects!",positive
"Store had no price checkers.",negative
"New vacation accrual changes.",neutral
"Works exactly how I need it!",positive
"Restaurant had limited availability.",negative
"All employees must attend session.",neutral
"Couldn't be more pleased with it!",positive
"Neighbor's parties are excessive.",negative
"New security awareness program.",neutral